Name,Category,Data Collection step,Id
Howard Dare,MGTOW,1,UCs-brcHDxKqrOGU9cEWuCMQ
Ronin Man,MGTOW,1,UCj5j4pIgg8gtcRA4iYTWiAg
Sandman,MGTOW,1,UCeCV-XNeZIoHiCGfNYCLh9Q
Turd Flinging Monkey,MGTOW,1,UCbgzmK-mfpjULHZ8SMCuhdg
Bold and Determined,MGTOW,1,UCvM0vwv9wWh13d21f4HdJrw
Redonkulas,MGTOW,1,UCwd_sSDZ8EQt6SEeOO2tBRA
Thinking-Ape,MGTOW,1,UCo1qRcO1OehgkOD_fHsu_uQ
bar bar,MGTOW,1,UCDoNFQZqQpd6aL32Ua4JPTQ
RPW,MGTOW,1,UCdGVD4QzNyUrfyX5oiZVtfQ
huMAN,MGTOW,1,UCT2dUsMtd08RfaH12O9DCDg
Misandry Today,MGTOW,1,UCbJx13WCQq8mpbaIwz6Oanw
Jolly Misanthrope,MGTOW,1,UCV8_fJZJe4GXqPq3bS0f6mw
The Stoic MGTOW,MGTOW,1,UCIEO_w-8_voXDymte5KYw_A
Paul Proteus,MGTOW,1,UCk2AXFIEy8Fq-ExkJxhLh_A
Groundwork For The Metaphysics of MGTOW,MGTOW,1,UCZrMKcDNPruX8ltP0Y0pOTw
Mayor of MGTOW,MGTOW,1,UCdMPdytnpICXabqQE7LG-sQ
John The Other,MGTOW,1,UC255AfKquZnQMO0amxdEGWw
MGT OW,MGTOW,1,UCKoYrCh8bOYuqAnkXx9Uakw
RazorBladeKandy2,MGTOW,1,UCrSJF7GT6MOm6PxYmv0H3_g
Coach Red Pill,MGTOW,2,UC5tEELgWBfKbA9fVPRzBzPQ
Sidney MGTOW,MGTOW,2,UCSKhcq_fYLgYMWzVw52GjBg
Rollo Tomassi,MGTOW,2,UC8eLDzfH6YfZRDbDuMsNWiA
Stephon Clinkscales,MGTOW,2,UC3n-Hywbms82-FPejNPpnEA
AlphaMaleSecrets,MGTOW,2,UCPa30Vkk1iM3rahMbjfltjw
Yorkshire MGTOW,MGTOW,2,UCFsAy88-PQxn8NiahfBCwgg
Zangatti,MGTOW,2,UCWrbXJxmAol4DZdfiz2-vIw
Kingee Mgtow,MGTOW,2,UCpbACnMmFIaKjCbwrZROXvg
MrElite O_O,MGTOW,2,UCseRVXO0TkkxjF5Oum6X33A
Mr Forma,MGTOW,2,UC4u39IvAzPFPz3K7Nxg2o4g
The Thinking Man's Templar,MGTOW,2,UCb7fZ328aBqOClRuAOOKjqw
HardHittingHealthTruth J,MGTOW,2,UCRboG-2RFSZbOs4LQo6bKOw
Calrisianthagod,MGTOW,2,UCR0srRLH-bri5HPnoaZJclw
Alexander Grace,MGTOW,2,UCeY3vg1r0KrvuyPOi7T39eA
Yogi Oabs,MGTOW,2,UCyc9mFN1Gf24xfO0cl8gJug
JDAWG MGTOW,MGTOW,2,UCWvzoD9t7tIKV3WjOzk-Yfw
Cyber Monk,MGTOW,2,UCRiQPLkTbRXwVuoeRNjJohg
fat guy Mgtow,MGTOW,2,UCnN9VhiGlmjCz0JaZi3GnkQ
M TMM,MGTOW,2,UCHJRJ0f4qV5eQzH3LerhyJA
Johnny MGTOW,MGTOW,2,UC_OGIvbOor3bUybYaUTIo3w
The Mad MGTOW,MGTOW,2,UCzH0b69GmcdQg-ArmrgeNsQ
Marcel Enlightened,MGTOW,2,UCrv0NCiVhht6HfViwlaVJBA
MGTOW MANINAZI,MGTOW,2,UCmr4cFcLqeRUk6Km3vaGotA
Undead Chronic,MGTOW,2,UCFe3hqzU5BhiKdXlqjc1KtA
John Nada,MGTOW,2,UCrBS0YjL5OO8iBnV6f6M-bw
MGTOW Truth,MGTOW,2,UCIC8GH44FjpllvFu5DzO5xw
Wise2daGame,MGTOW,2,UCU80Ocd--K1vzTGYxMjEiOw
Alexander Juan Antonio Cortes,MGTOW,2,UCn0ZK0ayG3eJhQC_j90wBmw
King Richez On Fire,MGTOW,2,UC-Wz_tOR0ChooAoesAUv4Lw
The Dating Wizard,MGTOW,2,UCCLBZkbVMsDy3T-ErLOkVdw
Manosphere Environment,MGTOW,2,UCFlDbTySKx1uRx4R50w-9eA
College MGTOW,MGTOW,2,UChJNXTQCr7YIziV8d1H6tXw
Inconspicuous Man,MGTOW,2,UCuf8fpJoQmy2wFb5W1zOWkA
Southern Male,MGTOW,2,UCVOPAzWt7c7bG1r2WkmV3Jg
James Von Maxwell,MGTOW,2,UCezB8ZxKLSmmL2gx8zb4iEw
EMAN67,MGTOW,2,UCnOofSLpyiDQcThNKf2JJGw
MGTOW MONEY,MGTOW,2,UC4l_02h-34rlgyUhBaUgcfQ
MGTOWN,MGTOW,2,UCSGTCm_L2ssNJmScEhJU3og
Red Pill Mindframe,MGTOW,2,UCH4-z1jU6v1QCZE0hqGcS7Q
Alpha Male Guide,MGTOW,2,UCton5c-eyajfNR_pRcKk86g
L O M,MGTOW,2,UCvGzonGrDIzUQnwJBLe22YQ
Jerry Liu,MGTOW,2,UCCIqP2EUeK46bcFuyf8E6dw
Jaded Creep,MGTOW,2,UCjl9iBBVhu4xziXwjgLwqYQ
The Enlightened Kiwi,MGTOW,2,UCDRhy5G0TGF0nHdMjSH2E6w
Captain Sinbad,MGTOW,2,UC8XKyvQ5Ne_bvYbgv8LaIeg
MEN101,MGTOW,2,UCMPAwSx-57jgqImqEYxZiXg
The Solitary Wolf,MGTOW,3,UCueXoXyOKbhDfnub_28eC7A
Happy Humble Hermit,MGTOW,3,UCd4xRbTbKS3CI8I17YjTBNQ
Sunrise Hoodie,MGTOW,3,UCjVhxbG6CPGw3YP-BpaOIqA
RF SQUARE,MGTOW,3,UCauYZm2lm1MufqCN9zIrXyA
CoachGregAdams,MGTOW,3,UClLNqr9kTEehlf7jSiSLJVg
TheMABExperience,MGTOW,3,UCyLHoOMy2mcIq7v5BFnNQww
The Ukrainian Lens,MGTOW,3,UC0qSkLTzo-40rA-WvzjTHDg
The33Secrets,MGTOW,3,UCjwD__1zcIfzVL6l2I5uBdg
Alpha Male Strategies,MGTOW,3,UC0it1cu-mt_IcvLTQ4CWcHw
Hammer Hand,MGTOW,3,UCtCAKno3zALipFdpdY1ZLjA
Mountain MGTOW,MGTOW,3,UCoZ_kgm4fIOm3n3EgDbEncw
Liberation Y,MGTOW,3,UCrBFmNZB-Pwk1n0Bk_Ivwbw
EntrepreneursInCars,MGTOW,3,UCuKqtwPO5ci5_KoZGbfl33g
RPOS,MGTOW,4,UCHwIeue1WcJzfS2dvCVuiWA
MonsterManTV,MGTOW,4,UCF1F7bQ_7-C8_JMDiIKE6LQ
lastsecshot,MGTOW,4,UCM96pu5VCp13f7P8Ar7qUjg
Jaye de Black,MGTOW,4,UCXmSzYyPQ6CuCzwitLclnjg
LFA,MGTOW,4,UCkS25_BA441NQMkbJG_k9Kg
Elisha Long,MGTOW,4,UCvF7Ll_WOgQWOw0KZJsVNXQ
Mindful Attraction,MGTOW,4,UCBmkZCMwh-OqGB5eU2W3QXg
DoubleYourDatingDD,PUA,1,UC7XM4gIpmyH1XNTDEVbSS9w
HayleyQuinnXx,PUA,1,UCyA6r3k8zMF2axgxVz-qTMA
Roosh V,PUA,1,UC16j6EppP0K85CzYMduNCqw
GoodLookingLoser69,PUA,1,UCFH8kR8gq7nn9GqSpgwu1kQ
Tariq Radio,PUA,1,UCjH72OaQxPoKgtv56C-4NOA
naughtynomadtv,PUA,1,UCqdICzheBUg6W7DyOYQamJA
rsdfreetour,PUA,1,UCTF6CEoSHHGTuJwk_zppupw
RSD Julien,PUA,1,UCTyvDKLQnpIivQzX9qa5sWA
RSD Tyler,PUA,1,UCD4xqm6vJ3K4ntppsE1jL4g
The Natural Lifestyle,PUA,1,UCk9SqfJYu5HP5e2dfClpr0g
Sasha Daygame,PUA,1,UClae1uxKkw28rfX20Jm9Qyg
21 Studios,PUA,1,UCuErSr7xeR763BzTJL7yJ7A
Michael Valmont,PUA,1,UCD-cyDCJUs80NGUCYTCVPDA
Richard LaRuina,PUA,1,UCsMzMM6gDS8ZiDIPmatGngg
Venusian Arts,PUA,1,UC258xnugPLjXRPO34QACiBw
Kezia Noble,PUA,1,UC_fiSXsgDVMLDmExLohAYIA
Coach Corey Wayne,PUA,1,UCQTAVxA4dNBCoPdHhX9nnoQ
willy beck,PUA,1,UCQ69s6pIPwV5tioRAGrG0Tw
Johnnyberba,PUA,1,UCSfAjvVM5cqn7DCng0OR-pQ
Evolution Daily,PUA,2,UCp_3ZnE5OjPbQCO_LbhObGA
LetsGetGirls,PUA,2,UC8X33POhYcIN-JwOaxEz2Lw
Austen Summers,PUA,2,UCaQs5uEGmuNoj8GGVhnB3kA
Dave Perrotta,PUA,2,UCl7GLJo420GdYP7mYZh-yEg
The Bowl,PUA,2,UCAPZwfAHn51sSZiFHorTxHA
The Path of the Modern Man,PUA,2,UCm7cF_PSiLUhXPEVyuG25Gw
Moe Abbassi,PUA,2,UCey8aYvvhqRbZCruPdD5caw
Beckster Lifestyle,PUA,2,UCb1pUSilDPgMaf5P3E8ZRvA
TheSingleLife,PUA,2,UCTJuAgxiigm_gg9YDyq9y8A
Daygame.com,PUA,2,UCqisd7riZrTjKdU0dqpoONw
Sol Dating And Lifestyle,PUA,2,UCagHu20Tuj3zElwZj-w2Fqw
ASIAN ROMANCE,PUA,2,UCEHhJ6PAp-BEW2im0SAfK4w
JanLifestyle,PUA,2,UCPLa73c0_QQMZipl1HybtHg
Nick Krauser,PUA,2,UCiChLqJjX4d_Q6X24ryyqXA
MrBeneification,PUA,2,UC-Or4JV-ikWES6ZwCVN__PA
Michael The Situation,PUA,2,UC_T1In1fbHpXKEuW8a8-2pg
Steve Jabba,PUA,2,UCdHHNkBbGj4tuMo6SjEl1dg
FarFromAverage,PUA,2,UC6Iaz96RkYE-MOjnq5NPgqw
Badboy lifestyle,PUA,2,UCVQlNTd8M5vD-exIpikpvog
Social Daygame Infield,PUA,2,UC4QWILrhh8gQe99Kmdoba4Q
SucceedAtDating,PUA,2,UCTvejcHP9cK5XqCIPZvdAbg
SquattinCassanova,PUA,2,UCNfKp9eXtcCM1-Nz0mTCGTw
Daniel Blake,PUA,2,UC2qovl2JjYyMI_cqznjSGWg
Daygame Australia,PUA,2,UCfGxf1tdjIdtpFY2IjggDNw
Beastmode Magazine,PUA,2,UCmDv0nPpc_lum517VF1e8VA
Brian Black,PUA,2,UC4py_gZiZJoyThV0Xwxhzug
Dating Architect,PUA,2,UC52xQhSiQh5zOTJoooIMOsg
MysteryPickUpArtist0,PUA,2,UC0G7RJSfUaWa2Zfw_0Jyoug
Loveme.com,PUA,2,UCjCqhc2OU63ygl53UA-iyHQ
PickUpArtistPUA,PUA,2,UCi-ZsSk7G8z2G12KgTjKgZw
John Cooper - Art of Social,PUA,2,UCUVCYTauctWL_VgysXmgTaQ
The Fearless Man,PUA,2,UCjyn_K6PpnAUh1KKyYAHsBA
Victor M Paz Jr,PUA,2,UCOTpnM9yWpZkSp6ZX27QwjQ
How to approach her,PUA,2,UCkwcu77254CvudmXRfcTaDg
Lifestyle mastery,PUA,2,UCM4bEcJjqR7WlrRIfBIkBdQ
Satory,PUA,2,UCMBL8vkod4OKHgW_QqvfXwA
Coach Kay,PUA,2,UC8_LUYv0d5OSl1V94LH-y3Q
James Tusk,PUA,2,UCxJiYMtouGpvAdeZyZoHGZg
tomtorerotv,PUA,2,UC-FIowkUpK-L9sfZRCef_iw
Johnny Cassel,PUA,2,UC0-Uk0ex4khy7c-nYy6Ex-Q
RSD Jeffy,PUA,3,UC_1N_NAJv18XOndxdixfW6g
RSD Ozzie,PUA,3,UCJjOsobrGr72uABRLPDyaJQ
AskToddV,PUA,3,UCvmKbukYpA8SagnjSHt_NfQ
RSD Motivation,PUA,3,UCFhYciYV6oyqrOfoZoyoYCg
Nick Kho,PUA,3,UCu5vCs-tKoYzPBxnVF8FYGQ
RSD Max,PUA,3,UCmIq20BSpfq7Y5qS-dQudog
Julien Himself,PUA,3,UCaN4Pe5JEsWzAByY2WfxxjQ
LiamMcRaeRants,PUA,3,UCr4noD5_Hxn6X_qdaQHA6Kw
The Sasha Daygame Podcast,PUA,3,UCgt1Qx_QBSzF9SLMLY2UnNA
Sasha Second,PUA,3,UCKCWzpfMtsofk8bm80WzwmA
Rian Stone,PUA,3,UC4ayoBG3GC0TtiOVX9y2_IQ
The Red Man Group,PUA,3,UCY0fILilUr601SPy-wc0XUQ
George Bruno,PUA,3,UCghz8w8iOn3PDpYi9QuC3bQ
Texas Dom,PUA,3,UC0pud8uplkWWp8SYXjS828g
4 Week Natural,PUA,3,UCPcIrG2d96HDzRqCE93K2Eg
TaySocial,PUA,3,UClKa8mrHgQfeeh5EIDqRfAQ
Honest Signalz,PUA,3,UC6BLvNM83VFg0Vgh_aCfOGw
Street Attraction,PUA,3,UCc33T6QinM7wdXBx8eKpikA
Based Zeus,PUA,3,UC1PkRYud11ogYDqgdqd23Zw
Tripp Advice,PUA,3,UCjTMOi3cpslA7JUmPdfD6MQ
Todd V Dating,PUA,3,UCo9XJennsRNhyPbXCq6e8aw
Marni Your Personal Wing Girl,PUA,3,UCCgrWW6fsUVdRD7xI52xhnQ
Kate Spring,PUA,3,UCNpBDi0eHdQ7-vBr_tZ2ksw
Dan Bacon,PUA,3,UCpjFHKuH-BQELT8lj85vmRw
Ollie Pearce,PUA,3,UCwWkbMqbsawHFyfeGEHb8mA
TheJoshSpeaks1,PUA,3,UCwX9Rh2T0LiDPqJNvLGpGlg
ABCs of Attraction,PUA,3,UCEjjHEa3xG6W91ZL7_jSYCw
naturally bubbly,PUA,3,UCNttYr07FLI6jzz_VUMeF6w
KamaTV,PUA,3,UC2onM4kU0ChVbwlYMemRJEg
MantelligenceDating,PUA,3,UCfMX1py0agQyBcOKjt2VSzA
Appolonia Ponti,PUA,3,UCYqdbnuvx-jJZByotoNW-5Q
Ryan Black,PUA,3,UC1GvdBQyTeP8eCbcqdRWiZA
Elliot Hulse,PUA,3,UCLrI-dOLyDbRnPyUeWadsOg
Bradicus,PUA,3,UCNt2iZyQIgkaW0Bcwhw8PLQ
Viking Lifestyle,PUA,3,UCRn-wnGsb6DaXdi9U-afAsA
David Bond,PUA,3,UCyKApv3PvaslEzHR9rwK4_w
AlphaMconsulting,PUA,3,UC1KbedtKa3d5dleFR6OjQMg
How to Beast,PUA,3,UCtQEjfEFzba37ozoXK40r3w
Matt Eastwood,PUA,3,UCE34NceQJKjipx5CRG8Qi1Q
Motivation Specialist,PUA,3,UCzpGSici-H8VtnhCPp_b3Yg
Anthony Hustle,PUA,3,UCGcZSPnN83GbcqzIJauoogA
Social Prime,PUA,4,UC-gs1e4-V16TM5mgo5d_xuw
Sam Overton,PUA,4,UCB6Axmo3AK495fsvuDcLkjg
RSD Luke,PUA,4,UC2XMvfBq5w2P4_ZYOsMlxVg
MontrealRSDCrew,PUA,4,UCts47p-nMPfpG4zZPB3ZfKA
aanghel,PUA,4,UC9459CRFjiCq52yKuiraD4w
Jack Manley TV,PUA,4,UCWYzs-Mi7SM_n1EgvzIOn3w
SimpleSexyStupid,PUA,4,UCJgVPwzPxklQr6WHwJLPlew
Wade Alters,PUA,4,UCxObD2ivFPpq9Akna40s7Fw
Kings Remedies,PUA,4,UCm6hublvFdiwTgq96q9PM5Q
AWxInc,PUA,4,UCaaApS4TMI3KueyAkIQv1XQ
COCO Chanou,PUA,4,UCdGAMy3KL1lCaaH7_JMvUeg
The Charisma Matrix,PUA,4,UCs14Smim-bliHN4GBEom-Vg
BradBrowningExFactor,PUA,4,UChCFbthWQF4MKA-43SCDB9g
MantelligenceStyle,PUA,4,UCBrKVgNgwYrPuqcxzJCbPHg
Love Advice TV,PUA,4,UClOZ-fMMvom8p2GWZ_ihpfw
Jack Denmo,PUA,4,UCXlnUMmbfvVBmc5NqzlbFVw
FashionGameTV,PUA,4,UCwwP0UPUoTPHg2nWe4qERbA
JoshTryhane,PUA,4,UCPsp098EE90Gyqgvo0Eazeg
LightsCameraNegeen,PUA,4,UCQFmSsxwJwOALJZp3GYf7Cg
Andrew Foraday,PUA,4,UCsspQFcCZ14d5DPMfVbPuuw
Connor Murphy,PUA,4,UCwNPPl_oX8oUtKVMLxL13jg
Tanner Guzy,PUA,4,UCHfnqyD8fb_rzkRmZSo0Wng
AlphaMaleSociety,PUA,4,UCSuIAAH09DiO10JXWdsCQEw
BrendioEEE,Incel,1,UCZjz2s4DyU6TrGzXJQ_VBRw
Kyle H.,Incel,1,UCTWyeeDyUn1GCEzb6XZG7MQ
FACEandLMS,Incel,1,UC41VQF08gjJGz5tYyp5ezfw
William Lupinacci,Incel,1,UCYQ2gQbvIwIM90N13dnkvwg
Virgin Messiah,Incel,1,UCZ5VQ34f6yxjlkLaq8lbgvA
Downhill D Mille,Incel,1,UC3VGE_oMmD3qzI9yEco0I1w
Hell by the Dashboard Light,Incel,1,UCpsuUgmFvHpDXs96pgdrq6g
HeedAndSucceed,Incel,1,UCpk7Ru_tqTSEiKJzlmFxLgw
Rejected-From-Eve .Zero,Incel,1,UCGERZ-3ZyAJqevZtw9PCatQ
TFL at was,Incel,1,UCQgiVTdHRr7NI4xIdJui5Wg
BigBOSSCalvin83,Incel,1,UCO01qpeL29tfw4RTwTZv-sw
Mainlander,Incel,1,UCG5aDTHFulVQViF9E-FTzNw
Samuel Maxwell,Incel,1,UC1uqC_EGj8qge9msaf699YQ
SteveDougson,Incel,1,UCVaWf4IhCjjMHGVeTvXcS1g
Off Grid Prosperity,Incel,1,UCUcpr6naAk-kCA1L8OOM5Nw
Just James,Incel,1,UCOYhgosLesFDd_hUpWGf1iA
Blue Skies Media,Incel,1,UCpFKlATawMhKF5xehVOZLLA
Monday FA Monday,Incel,1,UCTqKAe_hNq-kFp1ss6Lga6g
You wouldn't like me when I get gutta,Incel,1,UCxcVvBUylGdjCS4jz5PVSag
KingOfTFL,Incel,1,UCoExCKBtf2ZsF-nrZqcXQyQ
Link,Incel,1,UCVk0E-MUK5ukPbDfP2QcFYg
Oreoman,Incel,1,UCCo7CvP9sYIWK0B2ihuW2dw
BlackpillMafia,Incel,2,UCd14vyyg49J_ISVHSWEMjsQ
Vav,Incel,2,UCdKUh2i6PBILzqD3rPiS8nw
First Last,Incel,2,UCn1fwrq_QO0WkzBjdIM-8uQ
Coach Black Pill,Incel,2,UC5m-1lIBZeSSSDDSbl9sNFw
Top Dollar Black Pill Gangster,Incel,2,UCcYXfb3ftov8m-dwcDpO00g
Incel TV,Incel,2,UCV3oX6B8Uq8VMh_L5zStVfg
TheLanbla,Incel,2,UCa-QpckLkgzFzG00Tqjsbnw
Incel Uprising,Incel,2,UCnL31BzrmNz8MHwrCLhnjIw
Kenneth The Golden Child,Incel,2,UCDBRuSWtxU8cQeZ-iVd_gvw
DontPanicTheRapper,Incel,2,UCOaH9Cetw1_eAyUxpl6aqwQ
Blackpill Bishop,Incel,2,UCXHKuD1uuh-jsoh6CmF6rww
Eggy Noggy,Incel,2,UCZ9GGHg7ERYgH_pIduMjgdA
TheALPHACHECK100,Incel,2,UC7gAnULJ4WuqXTsIBwAnIBw
Black Pill Presentations,Incel,2,UCqgRXahIvfmPqzOVfIsXu6g
TheUnreal1,Incel,2,UCDp4wd-htp51Ir5aByUN15w
Christopher Anderson,Incel,2,UClQkOIf9OfMCQ4CjlSSPvbQ
NullCyber,Incel,2,UCdNyLKP5CW9dPQka8SwXHUA
THE Forbidden Thinker,Incel,2,UCCdhGyttg_U1mIdb3WELe_Q
RICEPILL,Incel,2,UCocq2LGS2ApHcu3O0PJa2eA
GynoPrince,Incel,2,UC7JWVo-MDRhNBiU7Dp8j6kg
The Incel Experience,Incel,2,UCHU64hE5gBhdJk4iqGejHIw
Stop Being Confused About Health,Incel,2,UCPz82RASOzerCU1MrYm0SSQ
Looksmax,Incel,2,UCeVo455xDqrLsq7vt7NLQ-g
AsHBoY,Incel,2,UCpDAdprUWs21wyWwbv_Z4pw
Looks Theory,Incel,2,UCGlLEGoGE1ZUAMQcUFNa8QQ
Astro Sky,Incel,2,UCyy_kETc7LrFPjwgVod1_Mw
Facehacking: The Science of Attraction,Incel,2,UCa3DmNrFcBTQbtNPkF0iprA
Jack Peterson,Incel,2,UCoi355TFIZ3nc2ODfE8WGoA
Never Give Up,Incel,3,UCh-yZehWlvPds-NewsXpzwg
Orthotropics,Incel,3,UC6eh59CVGAMTjxo6q9gCMZA
StudioBrule,MRA,1,UC7PfGhJXlJiDs4jvGGGgqsQ
carnellspeaks,MRA,1,UCbVCEJ93942EpPqN2AzEyBg
KristalDGarcia,MRA,1,UCY82s26DcOzvDgwGYXFcYtw
CoalitionForMen,MRA,1,UCHaKL3tBNNUBp39ZIxox0bA
FatherlessAmerica,MRA,1,UCAgb6xVzZ_Xo6EuE3ne86Nw
1menaregood1,MRA,1,UCAlVRoYjDbgLx7j6O2N8-2g
Red Pill Awareness,MRA,1,UCBsCsmpR2GN2O8q2J5noFMA
deanesmay,MRA,1,UCKkxuj6Opa-JV3_s6r2CPEQ
An Ear for Men,MRA,1,UCXNNG0ej_6rU9SxCZ4dyq6w
Attila Vinczer,MRA,1,UC89MuToZunfClmUYoS6-Sow
drwarrenfarrell,MRA,1,UCcdQla_9PbQb4-FKFxJN2ag
HoneyBadgerRadio,MRA,1,UC595wqznMGuY2mi6DKx-qnQ
Hannah Wallen,MRA,1,UC_7Bt0vnvdJqAwF8Ow8iT0g
girlwriteswhat,MRA,1,UCcmnLu5cGUGeLy744WS-fsg
Feminism Sucks,MRA,2,UC7sjYgQOIDFRMCzt666_dwA
50 Shades,MRA,2,UCa3meRxRwQrXg__x--Goxrg
Mark Postgate,MRA,2,UCIl-NGN7bGS4UuMc1vJTyoQ
Felfop Returns,MRA,2,UCXWynYLv9kfV_r7FpNTaJaA
bane666au,MRA,2,UClfqxOGWFlOMQWpIhbhzL2w
JerryTheother,MRA,2,UCuUbALqd-qaVTdAYbVyG2Aw
Cassiejaye,MRA,2,UCW0XocdjHAzMJmTQIboO8qw
Katy Khaos,MRA,2,UCzzkMOf2bEImOmu8pcXIFHA
astrokidnj,MRA,2,UCkFWCK3PrJXjo4Uv5_8l1cA
Diana Davison,MRA,2,UCVRQqUgDRBevsDGOeE1DL3A
RB_95,MRA,2,UC_QOZpg4t2hf0BCnWhWM27w
Whitney Dahlin,MRA,2,UCFmGu_0gJFKQWrbBp5N3oqw
Mike Buchanan,MRA,2,UCKhX1c3ow6BrzdzP3ydpeZQ
Diapers Off,MRA,2,UCSJt8MQ0bqoAbbFIyu8qOXA
The Glass Blind Spot,MRA,2,UC7kHX39cBk5goUrh3H5qAKg
Messages for Men,MRA,2,UC0msVj8OXmsvWMz8WofDqWg
DoctorRandomercam,MRA,2,UC72vWiZdUN_Y2OC2RgJ-dvA
Canadian Association for Equality,MRA,3,UCvlBoX4hBrM2yUglBQcYVHg
Badger Live Streams,MRA,3,UCcOtHMt1S9Nl4Pycp-FWd8Q
Barbarsossa Rants,MRA,3,UCGE8W5_PN-bZ71nrVp9Z3FA
Owen Benjamin,Intellectual Dark Web,1,UCyQsQSKayfcZoHaCjqxxSlg
Owen Benjamin Clips,Intellectual Dark Web,1,UChtQHPkYDY0gQOOMEpVUlNA
Matt Christiansen,Intellectual Dark Web,1,UCxeY-wRrb65Jt37QHa5xMog
Rebel Wisdom,Intellectual Dark Web,1,UCFQ6Gptuq-sLflbJ4YY3Umw
SargonofAkkad100,Intellectual Dark Web,1,UC-yewGHQbNFpDrGM0diZOLA
The Thinkery,Intellectual Dark Web,1,UCpiCH7qvGVlzMOqy3dncA5Q
PowerfulJRE,Intellectual Dark Web,1,UCzQUP1qoWDoEbmsQxvdjxgQ
joerogandotnet,Intellectual Dark Web,1,UCZOEywSEwg8YZcKMoI5mHgA
JRE Clips,Intellectual Dark Web,1,UCnxGkOGNMqQEUMvroOWps6Q
The Rubin Report,Intellectual Dark Web,1,UCJdKr0Bgd_5saZYqLCa9mng
Gad Saad,Intellectual Dark Web,1,UCLH7qUqM0PLieCVaHA7RegA
Ben Shapiro,Intellectual Dark Web,1,UCnQC_G5Xsjhp9fEJKuIcrSw
JordanPetersonVideos,Intellectual Dark Web,1,UCL_f53ZEJxp8TtlOkHwMV9Q
Jordan B Peterson Clips,Intellectual Dark Web,1,UCodkb-qBktJI5NrUsPYpf7g
Lindsay Shepherd,Intellectual Dark Web,1,UCTjxmzChimJa3X_rAgLAnxg
Bret Weinstein,Intellectual Dark Web,1,UCi5N_uAqApEUIlg32QzkPlg
StevenCrowder,Intellectual Dark Web,1,UCIveFvW-ARp_B_RckhweNJw
Sam Harris,Intellectual Dark Web,1,UCNAxrHudMfdzNi6NxruKPLw
successcouncil,Intellectual Dark Web,2,UCchU0j9bXOa_E1xbxB5MqbQ
CISAus,Intellectual Dark Web,2,UC5c-JkKHb0YxFZ81XBtFCmw
Desi-Rae Thinking,Intellectual Dark Web,2,UC-uP8fChoXf3FTHyttRRkUw
American Justice,Intellectual Dark Web,2,UCW5BbfOqiBPIf_SZOe85Wjg
ReasonTV,Intellectual Dark Web,2,UC0uVZd8N7FfIZnPu0y7o95A
TheAtlasSociety,Intellectual Dark Web,2,UCPLjGLElB8hKpUkiZ1mnxeg
Notes For Space Cadets,Intellectual Dark Web,2,UCFVabwlhdsTGiqOgCEZyUXg
The Free Speech Club,Intellectual Dark Web,2,UCioON-JvOyXE-aZ2-UCBqDw
1791,Intellectual Dark Web,2,UCp4oMaqaY0hIoT9jafj1g8g
Gravitahn,Intellectual Dark Web,2,UCskcws9RtJPRM02UVe43BQA
AynRandInstitute,Intellectual Dark Web,2,UCM6z9wqPxdRHjAC_Pjdp5yQ
battleofideas,Intellectual Dark Web,2,UCjoF4jS4oR479_Y2y9Oksbg
Daily Caller,Intellectual Dark Web,2,UCP4BdwPKyYnfRLjSNfGAPRA
Conversations with Bill Kristol,Intellectual Dark Web,2,UCmA54XhpFJWyw_Bsj1jYsMw
Bull Brand,Intellectual Dark Web,2,UCij5BjgH6WjDqOzB6UZZpjA
The Heritage Foundation,Intellectual Dark Web,2,UC5bEfSFTYQVfLCwkhBt8NtQ
YAFTV,Intellectual Dark Web,2,UC4-AGCUwX7C-D4BsBook9fQ
Transliminal,Intellectual Dark Web,2,UC3yl-2o2mOPmsjgxDXTKbCA
Glenn Beck,Intellectual Dark Web,2,UCEao2vcm4FzkXKJQCH6mvWw
ybrook,Intellectual Dark Web,2,UCabMx-URCjr2toe9wOE3Y-Q
MeaningofLife.tv,Intellectual Dark Web,2,UCyXhXAmTRVfeiD8JkWJ7Tzg
ZeroFox Given,Intellectual Dark Web,2,UCliHpHuY_aIZ7pGWO9tUx_w
Think Inc.,Intellectual Dark Web,2,UCIcG1DFunampyV70gRlfozw
The New Criterion,Intellectual Dark Web,2,UC5eXl6eJPzMavFFwfi8-nIg
Pangburn,Intellectual Dark Web,2,UCm5J1Fu_dHgBcMTpXu-NXUw
Crysta,Intellectual Dark Web,2,UCRa_kxWOnJsSSb7S0ijguBw
The Patriotic Report,Intellectual Dark Web,2,UCy-N04M3rGQMznjIv5g2LGQ
Social Justice Fails,Intellectual Dark Web,2,UClGh7QkXnUikoRUo6RSVlMA
SJWCentral,Intellectual Dark Web,2,UC-jlxuVAVEl2PXTaGno7gSA
Ben Shapiro Thug Life,Intellectual Dark Web,2,UCiTnIVJLN3wBHM9EQx4kW8g
hOrnsticles3,Intellectual Dark Web,2,UCoNGo02Aai6VQotn-MNnbpw
Leo Stratton,Intellectual Dark Web,2,UCdlMSPp9XSTcbJw422zxWCA
Domination Station,Intellectual Dark Web,2,UCqxzXCQqNQ9wSwHPtZKHrlQ
SJW CRINGE MACHINE,Intellectual Dark Web,2,UC92qENDvlCKpNCkUwJnFdkA
Savage Facts,Intellectual Dark Web,2,UCPvPtUY5MOoaQqg3i7xeEIw
Informative,Intellectual Dark Web,2,UC-c75h4LnBiLziZw0nzDm9w
DailyCallerVideo,Intellectual Dark Web,2,UCfDdlNLRVb1h3_7Xh-WhL3w
The Daily Truth,Intellectual Dark Web,2,UCTfTzFsutLOxGtmr5tqeKgA
MrAndsn,Intellectual Dark Web,2,UC26rydyZRPAr51aJ2k9QHTQ
Amazing Atheist,Intellectual Dark Web,2,UCjNxszyFPasDdRoD9J6X-sw
Liberty us,Intellectual Dark Web,2,UCFIwb4_NANvMLCbdqcOD6Vw
wikileaksplus,Intellectual Dark Web,2,UCAFa0zt3iJtEki2dotOfvrg
Trigger Happy Media,Intellectual Dark Web,2,UC8KbWhBEWVlEdkHmETx8MlA
bloggingheads.tv,Intellectual Dark Web,2,UCeamuoYuBeRnRRbmq5CmjVg
Benjamin A Boyce,Intellectual Dark Web,2,UCm13xHVNFVwzHzK3QHSaZ3Q
MG,Intellectual Dark Web,2,UCpuA3Aw-71YIVkk2yhV3Jjw
bmdavll,Intellectual Dark Web,2,UCRZsTalc2L7VjRJNzHeN4vg
Enlightainment,Intellectual Dark Web,2,UCJuJlgVsGrHF2713S93UeCQ
Pragmatic Entertainment,Intellectual Dark Web,2,UCtbEiMMo4xyU1hWa3Y5MsAw
Mike Nayna,Intellectual Dark Web,2,UCzk08fzh5c_BhjQa1w35wtA
xUnlimitedMagz,Intellectual Dark Web,2,UCVOpH1nJioh1d7UgTnZ98kg
theturningpointusa,Intellectual Dark Web,2,UCVrK_pMRp_q8IelpfUCTGLQ
PhilosophyInsights,Intellectual Dark Web,2,UCZViJTyN0OXTTuPQ2mimNWw
Make Cringe Great Again,Intellectual Dark Web,2,UC2nUwy3lWySoH2tWUiSeOgA
VikNand,Intellectual Dark Web,2,UCGyBhZvqlWjGZHNHrBzj2vQ
RobinHoodUKIP,Intellectual Dark Web,2,UCn1wSZL86FfGqZ3aDHiERgw
Jordan Peterson Fan Channel,Intellectual Dark Web,2,UCFh3dBRQToGvu8bjr-CdV4Q
Clash of Ideas,Intellectual Dark Web,2,UCzGwq0bZp0echSzCx0rjTFg
WisdomTalks,Intellectual Dark Web,2,UC4GzVIbK8bria6AOy43hY4Q
Kelly Day,Intellectual Dark Web,2,UCmeZAal3f9_0h3LmYiqNCag
Essential Truth,Intellectual Dark Web,2,UCFkDAsyfvgxqNyue4F4HHww
theovonk,Intellectual Dark Web,2,UC5AQEUAwCh1sGDvkQtkDWUQ
TheArchangel911,Intellectual Dark Web,2,UCt4byS0vUsmAB_hX4NHNUkA
Atheist Foundation of Australia Inc,Intellectual Dark Web,2,UCGMCH9ZQRfLT3qQpZIqGPzg
tmcleanful,Intellectual Dark Web,2,UCQZ1lsBP6eMCQXxk41XpMew
The Pondering Primate,Intellectual Dark Web,2,UCmVzhZ-0vh6sjLKHKGrGMRg
Maximilien Robespierre,Intellectual Dark Web,2,UCSiYkMylC3F_eQfIodMHkOw
AustralianNeoCon1,Intellectual Dark Web,2,UCzRWedsDooc3jEp1TuLjB4g
ZIEeICoZ,Intellectual Dark Web,2,UCxnEZ871BO_ONcbJKC1TG7w
Freedom Speaks,Intellectual Dark Web,2,UCJY11HEYjxGgXr9O24JzmHg
A1Cvenom,Intellectual Dark Web,2,UCPdJkk0VcWWiIQ1I6UFmV_w
Douglas Murray Archive,Intellectual Dark Web,2,UCUOn7uOg8vTCufzS9Nc5jFQ
Motte & Bailey,Intellectual Dark Web,2,UCQAX5byYdc8DTauoY0TzxiQ
The Unplugged Observer,Intellectual Dark Web,2,UCOh7DIo6IRIccz6QMkWkWlQ
Washington Watch,Intellectual Dark Web,2,UCWCtoOXSwTcbVjOiK8iFGUg
Thunderf00t,Intellectual Dark Web,2,UCmb8hO2ilV9vRa8cilis88A
Sargon of Akkad Live,Intellectual Dark Web,3,UC6cMYsKMx6XicFcFm7mTsmA
OneTruth4Life,Intellectual Dark Web,3,UC7KZFVVnKjiCzkxWD-Qrakg
The Amazing Lucas,Intellectual Dark Web,3,UCIgbxKzg2BpGN_AQ6uarXDw
Timcast,Intellectual Dark Web,3,UCe02lGcO-ahAURWuxAJnjdA
libertydollshouse,Intellectual Dark Web,3,UCaEgjV59fLXgnN5BJdLsD3Q
Bearing,Intellectual Dark Web,3,UCwW_vaMPlq8J4weKDsfeJzw
The Daily Wire,Intellectual Dark Web,3,UCaeO5vkdj5xOQHp4UmIN6dw
PragerUniversity,Intellectual Dark Web,3,UCZWlSUNDvCCS1hBiXV0zKcA
Bite-sized Philosophy,Intellectual Dark Web,3,UCo9QgwWCNEhDxL1gH-jxa8Q
Dose of Truth,Intellectual Dark Web,3,UCNdW82WWvjQEF5tUWVXvdKg
Sorting Myself Out,Intellectual Dark Web,3,UC2i_hx_UfauBFh5DA3YWfDg
ManOfAllCreation,Intellectual Dark Web,3,UC_SD8q_CLdAoeb1_uiJOvmA
HowTheWorldWorks,Intellectual Dark Web,3,UCtD9a-aXIYS6-e-8s7DISiw
Liberty Hangout,Intellectual Dark Web,3,UCQMb7c66tJ7Si8IrWHOgAPg
AgatanFoundation,Intellectual Dark Web,3,UCb062gdTsC6FPvnzCPVvsTw
pocketsofthefuture,Intellectual Dark Web,3,UCTYu3LHeW4GliTc5iBAkX-w
Undoomed,Intellectual Dark Web,3,UCTrecbx23AAYdmFHDkci0aQ
Beacom Of Light,Intellectual Dark Web,3,UCcdH7Be-X8famDsPVwIKEYA
The Heartland Institute,Intellectual Dark Web,3,UCzp8QlVd_hDLfK1LMLDu3dQ
Rekt Idiots,Intellectual Dark Web,3,UC2TNY0ME37MkgM15RpORfIw
John Ward,Intellectual Dark Web,3,UCkeGEMunZIoGUyP7z0pMYmQ
DronetekPolitics,Intellectual Dark Web,3,UCavk8KLWg5sWuDGrNIiqZ4A
Media Buzz,Intellectual Dark Web,3,UCpwjYJfgn_Q86MPV2OU264w
Davie Addison,Intellectual Dark Web,3,UC3EiomuXs-spYm7ZjAdHR6Q
Reverend Simon Sideways,Intellectual Dark Web,4,UCazjg_kYZHVqscSSB9lmhOA
ProductiehuisEU,Intellectual Dark Web,4,UCZO5CoTyLqv72wGluKwBzrA
JustInformed Talk,Intellectual Dark Web,4,UCm5CkXzGXb-A2XX0nuTctMQ
Vincent James of The Red Elephants,Intellectual Dark Web,4,UCDuIxfEt_VoI1yfARYmfCGA
MarkDice,Intellectual Dark Web,4,UCzUV5283-l5c0oKRtyenj6Q
Count Dankula,Intellectual Dark Web,4,UC7SeFWZYFmsm1tqWxfuOTPQ
TheIncredibleSaltMine,Intellectual Dark Web,4,UCx_SEanFxmYdkylVM1v3RDg
Galactic Bubble Productions,Intellectual Dark Web,4,UC3C9u_BSiOCQQGI4pjey9dQ
The Andrew Klavan Show,Intellectual Dark Web,4,UCyhEZKz-LOwgktptEOh6_Iw
Shannon Gibbs,Intellectual Dark Web,4,UC5aT3baqQh2eeN_mpVxVicA
Weaponized Nerd Rage,Intellectual Dark Web,4,UCoYT286QDrUp2hQbDb05FvA
TokenLibertarianGirl,Intellectual Dark Web,4,UCzIjg5vIfBGcdyLWu6lhXxw
patcondell,Intellectual Dark Web,4,UCWOkEnBl5TO4SCLfSlosjgg
A Call For An Uprising,Intellectual Dark Web,4,UCp5x5kxCgg_A220jNIsLyfA
Sinatra_Says,Intellectual Dark Web,4,UCl9s0VpZwQuvTCyZj_VtCwg
Actual Justice Warrior,Intellectual Dark Web,4,UCzzLIhDbFYU46T4VFBz_m_g
CoolHardLogic,Intellectual Dark Web,4,UCx3s3t5kpD4VMfJjDi5keXw
AltRight.com,Alt-right,1,UCSTy-H5lSiCcozas32sfJlQ
AmRenVideos,Alt-right,1,UCMLbmp5tcLxzahMLTmeM4lg
AmRen Podcasts,Alt-right,1,UCyZVnp-_owuoPlzNJNtaxZQ
Darkstream,Alt-right,1,UCGJNdaSwFeP3pLd1MhN0dRg
Voxiversity,Alt-right,1,UCutpp9X6rKErxUkv4wKBRPA
iambakedalaska,Alt-right,1,UCAgBUlIpzlJaE0693J3s97w
Baked Alaska 2,Alt-right,1,UCXfJ65sVQ5F3nJsm86yM6jA
Johnny Monoxide,Alt-right,1,UC2JVrseRgh0ccDQ7c8qnXTQ
NPI / Radix,Alt-right,1,UC_NPMpK-gZVIKqvDRljgbBA
Traditionalist Worker Party,Alt-right,1,UC4f8Z2XefBDL421pnNEQH0Q
Matt Forney,Alt-right,1,UCFc0stDRUkeBDc36qZeox1g
Red Ice TV,Alt-right,1,UCFUC7NaTxZanB_FVOJN92eg
augustussolinvictus,Alt-right,1,UCZmn5TswQ0m13ihKsbJ8Wzw
CounterCurrentsTV,Alt-right,1,UC94FYUJYBqq4CHPhfJUCxDw
Ayla Stewart Wife With A Purpose,Alt-right,1,UCZeP6H2mELnRI9imY5Iga0g
Black Pigeon Speaks,Alt-right,1,UCmrLCXSDScliR7q8AxxjvXg
Bre Faucheux,Alt-right,1,UCOtFVJUoek4TKZAaeQVhiLA
James Allsup,Alt-right,1,UCIZBXVGIJoJMXf8giib0IiQ
Jean-François Gariépy,Alt-right,1,UCowcNKm1w2GGw5U_XQeduhg
The Golden One,Alt-right,1,UCN0-RRaxMgh86eOwndAklxw
MillennialWoes,Alt-right,1,UCLfhh63n0fWn0gXXKQ5NWvw
MW Live,Alt-right,1,UCNP2yhz10CUEKhzHCUu2r4Q
The Reality Calls Show,Alt-right,1,UCmtALVZjXFzb4v3fIXDmDyw
Faith J Goldy,Alt-right,1,UClMWnUHbxJKJLUgloN1mPUA
Staying Woke,Alt-right,1,UCp-c7UZowNgx_sGtGCI8M1g
Jason Kessler,Alt-right,1,UC68k9B1W2GTDZv9e10ySrxA
Brittany Pettibone,Alt-lite,1,UCesrUK_dMDBZAf7cnjQPdgQ
Gavin McInnes,Alt-lite,1,UCPGxwlhPEJE89bT4gB6rzhg
Mike Cernovich,Alt-lite,1,UC87YBeLMwXhgaw5tcCxsXgQ
MILO,Alt-lite,1,UC0aVoboXBUx2-tVIWHc3W2Q
Blonde in the Belly of the Beast,Alt-lite,1,UCpbyOgUSjTSPpvVUAT2OyHw
Vee,Alt-lite,1,UC8RJExf7iNpV6tp6hvNtwww
Paul Joseph Watson,Alt-lite,1,UCittVh8imKanO_5KohzDbpg
Styxhexenhammer666,Alt-lite,1,UC0rZoXAD5lxgBHMsjrGwWWQ
Stefan Molyneux,Alt-lite,1,UCC3L8QaxqEGUiBC252GHy3w
Lauren Southern,Alt-lite,1,UCla6APLHX6W3FeNLc8PYuvg
Rebel Media,Alt-lite,1,UCGy6uV7yqGWDeUWTZzT3ZEg
Rebel Canada,Alt-lite,1,UCOwtpxZT8kXYfoj0W4XBrjw
Rebel Edge,Alt-lite,1,UCOZN0I173I_3aIDrPw0Irmw
Lauren Chen,Alt-lite,1,UCLUrVTVTA3PnUFpYvpfMcpg
No Bullshit,Alt-lite,1,UCZNk7Jjb2t8EuBdgn4Zj1cw
No Bullshit 2,Alt-lite,1,UCGQHgCgSdUtcWufqzBHDzhA
Laura Loomer,Alt-lite,1,UCsWnDtLWKEMJHKYCc9647yQ
Computing Forever,Alt-lite,1,UCT9D87j5W7PtE7NHOR5DUOQ
Andy Warski,Alt-lite,1,UC2h3yPmh9TfQv2z3aTDTHHA
America First with Nicholas J Fuentes,Alt-lite,1,UCsJ86N5n7fcEC_Ds8dYJKzA
Nick Fuentes Clips,Alt-lite,1,UCrVft1rhiJqIt7USDCwQ9Mg
Steve Trueblue,Alt-*,2,UCqDUhDiWJdk3inMxtEPOUWw
This is Europa,Alt-*,2,UCBceihEYR7elOoeWTuDhAzA
eliharman,Alt-*,2,UCPaDUD522GNh4WqMqTnzO2A
Stand Up Europe,Alt-*,2,UC1B82kNwoGlRwcFt3xWa6Rg
TheArmenianNation,Alt-*,2,UC3eWseER6XOMR6RcwcIJ23A
Survive the Jive,Alt-*,2,UCZAENaOaceQUMd84GDc26EA
Forgotten Roots,Alt-*,2,UCJpN-GBTchQaSVwBbefYMNg
ThuleanPerspective,Alt-*,2,UChBsOxskMpDmBAsgJ91fKcg
American Pride,Alt-*,2,UCUXTC5yhqkNTKDvK5-lAUJw
Engländer,Alt-*,2,UCg3sDb6KYo-IuU94Ym08H3g
The Alternative Hypothesis,Alt-*,2,UC2w1CQqPli4w94-PCg2UvJQ
AustralianRealist,Alt-*,2,UCHC60upCUfq7EAfw6oDQRDA
Brave New World,Alt-*,2,UC659f8KdxrINaB3Ta7TEZzg
Alt-Right Tankie,Alt-*,2,UCFWmmu2MmGW8Obc5pNDDJmw
Oppressed Media,Alt-*,2,UC6EyGxVgmTGt27_U9c_oz9g
The Iconoclast,Alt-*,2,UClJ8Z0YvEm-ClFj3fdQgQkw
Mark Collett,Alt-*,2,UCdf14z6V0MWNeVcbAz0r8wQ
David Icke,Alt-*,2,UCAhmDfQ1LfOYECmNNWgXJ7Q
Argent,Alt-*,2,UC0uWCUBVPIhgsjai2RN1buQ
Charles Zeiger,Alt-*,2,UC7zgrGKsGDeeu9xrz2qNTXg
grapjas60,Alt-*,2,UCGwD6FIVFso2IJQmFGgDNKA
Luke Ford,Alt-*,2,UCEYmda1KQTjrhLBeWutKuGA
Revcon Media,Alt-*,2,UCc7nGMWfSL48llqTeyQNQ_Q
andy nowicki,Alt-*,2,UCSTp3xBWG5SbMiDwjJQQ0Lg
Real McGoy,Alt-*,2,UCoHbKigbQVbt6mygvfKwgmA
American Pride 2,Alt-*,2,UCxBZXHQ2aTr8Bdw8s5ZY4xQ
Kirix,Alt-*,2,UCPHCKNP3VeIHRIiWQ5612aw
BigCatKayla Livestreams,Alt-*,2,UCP9oVEmpxbxmHd1_s3w6wTw
thkelly67,Alt-*,2,UCIKAZwaFnH_QX1ddYDQf-lg
Alt Right,Alt-*,2,UChKlct63f5tEY-twY8TKAcg
Augustus Invictus for United States Senate,Alt-*,2,UCsdPzJBJYQlsKigw_3XTqJw
News2Share,Alt-*,2,UCbBm6SZ235HFxwVKC7Po5IA
Revenge Of The Cis,Alt-*,2,UC7Ql1bhBYk8LVMpZfkRZJGQ
Liberty.me,Alt-*,2,UC9GLI2PKK0SBl4s9TBBmZDw
Liberty Machine News,Alt-*,2,UCso6oQ3qy7z61Fr8b0WNBMw
Nationalist Media Network,Alt-*,2,UCuVUvrf4H3XnwNa2yvFXxYA
No White Guilt,Alt-*,2,UCkY8CvV8WQFe87CZGmvuYHA
Be Open MInded,Alt-*,2,UCRRiIGO2htEoKTB73q9Mjsw
AIU-Resurrection,Alt-*,2,UCplXdu0g94UynzYCmO2zOjw
Tree Of Logic,Alt-*,2,UCl3RCEtooHD5bhPCHJw3btA
DailyKenn,Alt-*,2,UCbukZErY9SjdGTHabMzY7qg
Dismantle The Matrix,Alt-*,2,UCQZdMTHwIw_fZRk0wI8oqkQ
Nacionalista Blanco del SoCal,Alt-*,2,UCtBv3C8qTj7kaRGVu8UQfLQ
The Great Dolemite,Alt-*,2,UC2LSaEGBHvAvNf9ufcJfk2w
AltRight Truth,Alt-*,2,UC7tlcXIInkPG5aCkWB9lZOQ
Patrick Slattery,Alt-*,2,UCQB3Xg02E0MOlyfitgw2qhg
Luke Ford Livestreams,Alt-*,2,UCSFVD7Xfhn7sJY8LAIQmH8Q
TheSchillingShow,Alt-*,2,UCtLAZi2CZmDgwgQ51XpqcDQ
ArktosOnline,Alt-*,2,UC0h-sR-xyYLX7sSO46ovo2A
ramzpaul,Alt-*,2,UCIibK0GTXCaQCAamJAepm1g
Free Thinker Silver,Alt-*,2,UCwtGHPbMWBRvfGCyDQ-bNfQ
WhiteRabbitRadioTV,Alt-*,2,UCkXYznmArMELRxH_36uM1lQ
Traditionalist Youth Network,Alt-*,2,UCKmcfC22VcMbUMJAAWq9zdw
Corpus Mentis,Alt-*,2,UCvX0YZy3iET81JImRRKnAfQ
Dissident View,Alt-*,2,UCnXCniozJS4YQAM9n0ocKzQ
Truth Against The World,Alt-*,2,UCoWQunH1zvFa6u3IoMXQjRw
The Hateful Gaels,Alt-*,2,UCDhuG96y6kUT7tcFgHGj1Ug
The Last Stand,Alt-*,2,UCnxxPKzboofuvEjFGofkm9A
Semiogogue,Alt-*,2,UCck4tqn4wHb3jDhUn9dDVMg
Western Man,Alt-*,2,UC88rnCuWgaW5KX1zIKr3SUQ
Jan Kerkoff,Alt-*,2,UCK68w5LvF6DIOqZAU0uUqSQ
jackburton2009,Alt-*,2,UCGUg8tKiuqCM3ZCAy3XdmKA
The Rational Rise,Alt-*,2,UCdEfsAy6rUDPnm9HwKA_asg
Brother Nathanael,Alt-*,2,UCtBqVgzL_cDv_t9o2hFiXXg
6oodfella,Alt-*,2,UCBVYmXSIzHq_gXMZpsfd9kg
Tommy Robinson,Alt-*,2,UC6wdP5hTf_phre6Q3kFiV2g
On The Offensive,Alt-*,2,UCcrgJyI1bSysVE92HPpNNiw
Carpe Donktum,Alt-*,2,UCgkZARt0VNW7WKS5DOg8sDA
Harrison Hill Smith,Alt-*,2,UCq44SkRjuB4EOO-1pfOJzzA
Matthew North,Alt-*,2,UC66IBH4uFkBTzEh2olFFJSg
nightmarefuel,Alt-*,2,UCyOOQJzQSNMjFJqb3gQENtg
Patriotic Populist,Alt-*,2,UCFIyHT6yySaDiAUnqx_qNKg
The Fallen State,Alt-*,2,UCLrVxw4H4ZJ3LovpdbzF7bw
Help Me Believe,Alt-*,2,UCsHVE2H24t5QKIrwMRylifg
Zach Hing,Alt-*,2,UCKzrGgxorDwLcVKeaB7euvw
UNITE AMERICA FIRST,Alt-*,2,UCNohUmuAnQa29YmaxzbaksA
Dinesh D'Souza,Alt-*,2,UC8GAOCAJxBL4bExaUCvwL4Q
Jacob Wohl,Alt-*,2,UCBw4kFsnixcIm3mef2cvfjg
Tipping Point With Liz Wheeler on OAN,Alt-*,2,UCMfKNuYXBc9bxb0fg2cGTBg
Stream Clips,Alt-*,2,UCWs35ztZWrw6pKc2dz3s0GA
Palmer Eldritch,Alt-*,2,UCTnN7rhfuycUklcFZCnKKrA
Anti-Social Media,Alt-*,2,UC2KAZE9bOba6qDxxCMMgzvw
The James Delingpole Channel,Alt-*,2,UCur6nu-T7FilkEztCm_S8yA
BlazeTV,Alt-*,2,UCKgJEs_v0JB-6jWb8lIy9Xw
Dangerfield,Alt-*,3,UCSkC7KNQHSSeOfRGtKgDm4A
The Lion,Alt-*,3,UCRAxuaq1xwUGuQ_KaOYbUXg
NeatoBurrito Productions,Alt-*,3,UCZtDKD0pFpPclXA7ZAti90w
Morrakiu,Alt-*,3,UCJpdwEg7vrj_61e0Bfnx02w
Prince of Zimbabwe,Alt-*,3,UCVO8YsD87ibqRGIJ7o8sOzg
Little Revolution,Alt-*,3,UCcAhXQl-YWTU9wzfm5R5t7g
14 Sacred Words,Alt-*,3,UCQHb0fs5LiCGf8E8o_duxNQ
jaydyer,Alt-*,3,UCnt7Iy8GlmdPwy_Tzyx93bA
TheBechtloff,Alt-*,3,UClQPwGSqpatKM-NZJ_DGfhw
The Daily Braap,Alt-*,3,UCBzqti45iz4YLZ4z8u1BuOQ
The Weekly Sweat,Alt-*,3,UC9azT7MBd3jU4DoTt0AW3gw
Laura Towler,Alt-*,3,UCRWRClsBI3p9gnYO8UBst2g
MichelleRempel,Alt-*,3,UCySf1uJJxjMDryRywEzUR2w
TRS Radio,Alt-*,3,UC9E2GVCdoEQGd1MN-JRkjNw
nickmon1112,Alt-*,3,UCzoOMUc5bPOVcCrqyzVfn8Q
Dr. Steve Turley,Alt-*,3,UCCsiAKRKcgzA_372WbXNBaw
AllNationsParty,Alt-*,3,UC2AopvAmRGD2rGjG6PK97Hg
LibertarianRealist2,Alt-*,3,UC3FqYK9UCKtmcTwSYo7mwpw
LaughingMan0X,Alt-*,3,UCr6gdokI-jE_T1b5AmOOdxg
Oswald Spengler,Alt-*,3,UCIfnKm98q78j2ZNcfSQhhCQ
Marie Cachet,Alt-*,3,UCLM6JlQkQ9tltBL9Bipci9g
Tea Clips,Alt-*,3,UCZMoAfVZKRS2HKA_gTPQY0g
Alt Hype Streams,Alt-*,3,UCkbPk0OHdeOnjciSgdzxuzQ
Serp Kerp,Alt-*,3,UC0b-vEnPRxtkMJj7xxDnJIA
ataxin,Alt-*,3,UClEDJq5JqDRGo8u8_lYO4gw
The Revolutionary Conservative,Alt-*,3,UCRr7mGBwURyRGM2BRPV3hNQ
The Propertarian Institute,Alt-*,3,UCpJykKGRQ4601DzVkkGk7bA
Danny 1488,Alt-*,3,UCWoPKumdlQTSw1M4UPsYXzQ
Borzoi Boskovic,Alt-*,3,UCao3EH2t9wOFPmu2F4i4bag
Aydin Paladin,Alt-*,3,UCUowFWIWGw6Pv2JqfEj8njQ
The Leftovers,Alt-*,3,UCmzjD8K7LfpkYs-hs3fZP1w
VertigoPolitix,Alt-*,3,UCP-rwC3mqNH1cVYYVZHziKw
Sanity 4 Sweden,Alt-*,3,UCFSx08Ew0iiWKyAz54Opdhw
OnlineWipe,Alt-*,3,UC7-24nwy8Zg_Yweu6ujnZjA
Matrix Wisdom,Alt-*,3,UCyYocf7ysbu2Fa2PWs3kE0A
NateTalksToYou,Alt-*,3,UCvBSa6Tzhiz7MrVI_DkwvWA
Slightly Offens*ve,Alt-*,3,UCMRxoFJPZiBcxgFzxN0ao-w
Jericho Green,Alt-*,3,UCYY-xsfMg0TKz-gwQOMhcWA
The Toxic Male Clips,Alt-*,3,UCfMd9UCvNrwoF9Q90_thPlQ
brianoflondon,Alt-*,3,UCu76O9Ye9k633b2VaLg9cPA
Demirep,Alt-*,4,UCz-y9OLmILUM1HGCE4Ffbkw
MR. OBVIOUS,Alt-*,4,UCyznn3etx_6fSK7576JSrKg
SolidShibe,Alt-*,4,UCEck8KzJ_vDtrOBHfoT5q4Q
Awakened Saxon,Alt-*,4,UCVyzFlPnWjqrgVljH8QUiCQ
NewEuropeANP,Alt-*,4,UC7FwgvmNdQC_3KJhew7cfNQ
InvincibleNumanist,Alt-*,4,UCI3rQP3WFT_GwNRtnjHHqzw
SkidRowRadio,Alt-*,4,UCrPxYLadOjSyh3iQkvw_SJw
IRmep Stream,Alt-*,4,UCO7RCW2ep2QtzYGMz6g7Uqw
Toad McKinley,Alt-*,4,UCDPujMbho9Nq-iB7aTJsMUQ
Mad at the Internet,Alt-*,4,UCgpVO5oxAh7oMk3vynU-2Vg
Mister Metokur,Alt-*,4,UCfYbb7nga6-icsFWWgS-kWw
big think,center,control,UCvQECJukTDE2i6aCoMnS-Vg
today i found out,center,control,UC64UiPJwM_e9AqAd7RiD7JA
mental floss,center,control,UCpZ5qUqpW4hW4zdfuBxMSJA
the economist,center,control,UC0p5jTq6Xx_DosDFxVXnWaQ
relevant magazine,center,control,UC4WdIJ_D_lJb87uE3JV5SgQ
abc news australia,center,control,UCVgO39Bk5sMo66-6o6Spn6Q
consumer reports,center,control,UCOClvgLYa7g75eIaTdwj_vg
world economic forum,center,control,UCw-kH-Od73XDAt7qtH9uBYA
c-span,center,control,UCb--64Gl51jIEVE-GLDAVTg
financial times,center,control,UCoUxsWakJucWg46KW5RsvPw
harvard business review,center,control,UCWo4IA01TXzBeGJJKWHOG9g
military.com,center,control,UC7F2QS7wk6Eq9Z4uabl5rmg
vocativ,center,control,UCe2PK9vNxfogdvkx4jqB8uQ
wion (world is one news),center,control,UC_gUM8rL-Lrg6O3adPW9K1g
the indian express,center,control,UCJEDFSxHHOW1PpBccdSxOTA
makeuseof,center,control,UCfXdejDvNviqilmJ9DvGuow
news24 (south africa),center,control,UC_vRepQuzI527GtEP1pGYZw
recode,center,control,UCMDxbhGcsE7EnknxPEzC_Iw
investopedia,center,control,UCvwFhI0mrIWDiZUabRapS5Q
vox,left,control,UCLXo7UDZvByw2ixzpQCufnA
young turks,left,control,UC1yBKRuGpC1tSM73A0ZjYjQ
gq magazine,left,control,UCsEukrAd64fqA7FjwkmZ_Dw
msnbc,left,control,UCaXkIU1QidjPwiAYu6GcHjg
vanity fair,left,control,UCIsbLox_y9dCIMLd8tdC6qg
mashable,left,control,UCL8Nxsa1LB9DrMTHtt3IKiw
cosmopolitan,left,control,UC4LADtN8xwppFydHUB1s5uA
huffington post (huffpost),left,control,UCZfsrIV68Oegr5bJgAMLBDA
elite daily,left,control,UCqLj_VGACwmDa0FZ4UV3j-w
democracy now,left,control,UCzuqE7-t13O4NIDYJfakrhw
people magazine,left,control,UCGbQJy-531_5vfphay-rChQ
rappler,left,control,UCdnZdQxYXnbN4uWJg96oGxw
new yorker,left,control,UCsD-Qms-AkXDrsU962OicLw
ring of fire,left,control,UCYWIEbibRcZav6xMLo9qWWw
upworthy,left,control,UCswDowOOvJ-fkCgH9YAITjQ
uproxx,left,control,UCueKD4jxzgHvCISK2pBt0cQ
slate,left,control,UCYC4ijpFZY_CtdElWFyy-Gg
merry jane,left,control,UCSecgeLcJ6qXmE-tgOMYM1Q
good magazine,left,control,UCeHHAF22PljrnnjskZeljmg
new york magazine,left,control,UCJNMUA0J-hgaTmiNEYZf2Jw
abc news,left-center,control,UCBi2mrWuNuyYy4gbM6fU18Q
vice news,left-center,control,UCZaT_X_mc0BI-djXOlfhqWQ
bbc,left-center,control,UC16niRr50-MSBwiO3YDb3RA
wired magazine,left-center,control,UCftwRNsjfRo08xYE31tkiyw
cbs news,left-center,control,UC8p1vwvWtl6T73JiExfWs1g
ndtv,left-center,control,UCZFMm1mMw0F81Z37aaEzTUA
the verge,left-center,control,UCddiUEpeqJcYeBxX1IVBKvQ
new york times,left-center,control,UCqnbDFdCpuN8CMEg0VuEBqA
glamour magazine,left-center,control,UCY9eEaH19ulZmdusctU1ejA
scoopwhoop,left-center,control,UCx2HcmpB-UZGkMXOCJ4QIVA
bloomberg,left-center,control,UCUMZ7gohGI9HcU9VNsr2FJQ
business insider,left-center,control,UCcyq283he07B7_KUX07mmtA
sky news,left-center,control,UCoMdktPbSTixAyNGwb-UYkQ
cbc news,left-center,control,UCuFFtHWoLl5fauMMD5Ww2jA
nbc news,left-center,control,UCeY0bbntWzzVIaj2z3QigXg
pbs news hour,left-center,control,UC6ZFN9Tx6xh-skXCuRHCDpQ
usa today,left-center,control,UCP6HGa63sBC7-KHtkme-p-g
the guardian,left-center,control,UCHpw8xwDNhU9gdohEcJu4aA
engadget,left-center,control,UC-6OW5aJYBFM33zXQlBKPNA
republic world,left-center,control,UCwqusr8YDwM-3mEYTDeJHzw
time,left-center,control,UC8Su5vZCXWRag13H53zWVwA
washington post,left-center,control,UCHd62-u_v4DvJ8TCFtpi4GA
hollywood reporter,left-center,control,UCZ8Sxmkweh65HetaZfR8YuA
techcrunch,left-center,control,UCCjyq_K1Xwfg8Lndy7lKMpA
cnbc,left-center,control,UCvJJ_dzjViJCoLf5uKUTwoA
rolling stone,left-center,control,UC-JblcinswY50lrUdSaRNEg
lifehacker,left-center,control,UCYGnmkFGP4EgAOqu58JA_lg
real news network,left-center,control,UCrmm_7RDZJeQzq2-wvmjueg
global news,left-center,control,UChLtXXpo4Ge1ReTEboVvTDg
feminist frequency,left-center,control,UC7Edgk9RxP7Fm7vjQ1d-cDA
press tv,left-center,control,UCaFxVc4xHOea6s5CO0eBxIA
global citizen,left-center,control,UCg3_C7BwcV0kBlJbBFHTPJQ
(the)atlantic,left-center,control,UCK0z0_5uL7mb9IjntOKi5XQ
la times,left-center,control,UCw3SYO_euO0TSPC_m_0Pzgw
san francisco globe,left-center,control,UCeFBQmxaVN-grC9sFmz5ucA
yahoo news,left-center,control,UCF7hznHog_lCTbwxjj1jrPg
ctv news,left-center,control,UCi7Zk9baY1tvdlgxIML8MXg
scroll.in,left-center,control,UCl8zB2LZOiLLV0jYUMpTEgA
new york daily news,left-center,control,UCx-h2AWPCBJEqzH9HXe2ZIA
rt news,right-center,control,UCpwvZwUam-URkxB7g4USKpg
wall street journal,right-center,control,UCK7tptUDHh-RYDsdxO1-5QQ
forbes,right-center,control,UCmh7afBz-uWwOSSNTqUBAhg
the quint,right-center,control,UCSaf-7p3J_N-02p7jHzm5tA
russia insider,right-center,control,UCAvBcst08Tfo4VNtIaRPTNw
daily telegraph,right-center,control,UCPgLNge0xqQHWM5B5EFH9Cg
ntd.tv (new tang dynasty),right-center,control,UC8Ioh4atNDO5a0Vy2qFmauQ
learn liberty,right-center,control,UCFJNcE0iHj7P6dhp5iCZRLg
new york post,right-center,control,UCrvhNP_lWuPIP6QZzJmM-bw
itv news,right-center,control,UCFQgi22Ht00CpaOQLtvZx2A
gulf news,right-center,control,UCXTuTQZarVcFR_fgQXvsLpw
fox news,right,control,UCXIJgqnII2ZOINSWNOGFThA
next news network,right,control,UCLoNQH9RCndfUGOb2f7E1Ew
pj media,right,control,UCWq53_f3zgMcWuE-XFKSpyQ
trt world,right,control,UC7fWeaHhqgM4Ry-RMpM2YYw
national rifle association (nra),right,control,UCZr49eSL2aHQ_41476IrkbA
project veritas,right,control,UCL9PlYkRD3Q-RZca6CCnPKw
american enterprise institute,right,control,UCt8lRYpzb-sSrKFb4DT2ECw
one america news network,right,control,UCNbIDJNNgaRrXOD7VllIMRQ
ron paul liberty report,right,control,UCkJ1N-7g9Q6n7KnriGit-Ig
daily mail,right,control,UCw3fku0sH3qA3c3pZeJwdAw
judicial watch,right,control,UCGDaOZg2INC0Qg2Z203F1dA